nb_actions, model1_t_no_eq, model1_t_eq, model2_t_no_eq, model2_t_eq, nb_equilibre
2, 0.04416093750114669, 0.03773333332113301, 0.03851875000364089, 0.03893611111432417, 360
3, 0.04711738148726245, 0.043377192978943255, 0.04345711061161255, 0.045771929829610154, 114
4, 0.07557273652079578, 0.07905882355921409, 0.07265208545117237, 0.08182352938798859, 17
5, 0.056014084504538736, 0.07299999997485429, 0.05182595573758268, 0.07283333335847904, 6
6, 0.06338838838531195, 0.125, 0.07085285285763719, 0.13999999989755452, 1
