nb_actions, model1_t_no_eq, model1_t_eq, model2_t_no_eq, model2_t_eq, nb_equilibre
2, 0.0, 0.049509490514267146, -0.0, 0.04736463536045976, 1000
3, 0.1410626304843356, 0.1330172744724406, 0.13220041753755327, 0.1321113243723206, 521
4, 0.13807376057496284, 0.1288323699432086, 0.1211789600996519, 0.1298843930701515, 173
5, 0.1162062634972425, 0.10021621623466648, 0.10549136069070218, 0.11617567566714275, 74
6, 0.15805673758922054, 0.12376923071077237, 0.17982674771877386, 0.19115384617963663, 13
