nb_actions, model1_t_no_eq, model1_t_eq, model2_t_no_eq, model2_t_eq, nb_equilibre
2, 0.07480952380712898, 0.06666202531667732, 0.065957142853932, 0.06696202531663253, 790
3, 0.06522676580045442, 0.05897948016615128, 0.06901486988913365, 0.06750615594447393, 731
4, 0.06919943819834924, 0.06676552795316237, 0.06636797752770271, 0.06863043478202734, 644
5, 0.07369745958340515, 0.07008641975688727, 0.06603233256123478, 0.06782363315656571, 567
6, 0.09085433070976874, 0.08838211382054005, 0.09810236219901547, 0.10141260162652735, 492
7, 0.09741801802563976, 0.08397752809484772, 0.08966126125809308, 0.08286292135003913, 445
8, 0.12097896439886824, 0.11538481675405347, 0.11161003237052197, 0.1132931937091784, 382
9, 0.06664347826078049, 0.0533032258086267, 0.11420579710637854, 0.10943548387487328, 310
10, 0.06608567415707839, 0.061250000004494924, 0.10242134830888278, 0.10271875000196612, 288
