nb_actions, model1_t_no_eq, model1_t_eq, model2_t_no_eq, model2_t_eq, nb_equilibre
2, 0.05432311977353206, 0.04944773791023703, 0.046476323116690046, 0.04640873635184839, 641
3, 0.13113013698430265, 0.1252508896748532, 0.12486986300831482, 0.12372419929415239, 562
4, 0.13418895966964606, 0.11952930056518173, 0.11674946921456392, 0.11616257088309918, 529
5, 0.10555172414952439, 0.08518200835688468, 0.08280459769744554, 0.08168200837062461, 478
6, 0.14041975308562804, 0.12229792147661897, 0.09679717812818563, 0.09598383372251641, 433
7, 0.25437455197277153, 0.21867194570383958, 0.20959498208244814, 0.19308371042013084, 442
8, 0.6603665540547022, 0.6588186274462964, 0.6320726351346034, 0.6253602941270562, 408
